{"cameraMode":{"drawMode":0,"name":"Shaded","section":"Shading Mode"},"sceneLighting":false,"audioPlay":false,"sceneViewState":{"showFog":true,"showMaterialUpdate":false,"showSkybox":false,"showFlares":true,"showImageEffects":true,"showParticleSystems":true},"in2DMode":false,"pivot":{"x":0.06319999694824219,"y":0.1315000057220459,"z":90.0},"rotation":{"x":-0.10708174854516983,"y":-0.4438667297363281,"z":-0.053521204739809039,"w":0.8880613446235657},"size":2.7197093963623049,"orthographic":true}